{"version": {"json_export": "193", "page_segmentation": "5", "schema": "1.1.0", "structure": "1.1074.0", "table_structure": "5"}, "extended_metadata": {"ID_instance": "F8 A4 9A DF 0A B9 B2 11 0A 00 67 45 8B 6B C6 23 ", "ID_permanent": "43 36 20 36 34 20 39 38 20 44 46 20 30 41 20 42 39 20 42 32 20 31 31 20 30 41 20 30 30 20 36 37 20 34 35 20 38 42 20 36 42 20 43 36 20 32 33 20 ", "pdf_version": "1.6", "pdfa_compliance_level": "", "is_encrypted": false, "has_acroform": false, "is_digitally_signed": false, "pdfua_compliance_level": "", "page_count": 3, "has_embedded_files": false, "is_certified": false, "is_XFA": false, "language": "en"}, "elements": [{"Bounds": [77.79666137695312, 730.0936889648438, 117.71733093261719, 746.1373291015625], "ClipBounds": [77.79666137695312, 730.0936889648438, 117.71733093261719, 746.1373291015625], "Page": 0, "Path": "//Document/Sect/Figure", "attributes": {"BBox": [77.9339, 730.2369999999937, 117.53199999999924, 745.9569999999949], "Placement": "Block"}}, {"Bounds": [97.00149536132812, 682.1500244140625, 535.6915893554688, 721.4766540527344], "Font": {"alt_family_name": "Adv P", "embedded": true, "encoding": "WinAnsiEncoding", "family_name": "Adv P 9779", "font_type": "Type1", "italic": false, "monospaced": false, "name": "BBICIN+AdvP9779", "subset": true, "weight": 400}, "HasClip": false, "Lang": "en", "Page": 0, "Path": "//Document/Sect/Title", "Text": "Disease Model: a Simplified Approach for Analysis and Management of Human Error ", "TextSize": 17.93280029296875, "attributes": {"LineHeight": 19, "TextAlign": "Center"}}, {"Bounds": [223.8802032470703, 660.7861022949219, 408.0351104736328, 677.4636077880859], "Font": {"alt_family_name": "Adv P 4 B 2 E 3 F", "embedded": true, "encoding": "WinAnsiEncoding", "family_name": "Adv P 4 B 2 E 3 F", "font_type": "Type1", "italic": false, "monospaced": false, "name": "BBICJO+AdvP4B2E3F", "subset": true, "weight": 400}, "HasClip": false, "Lang": "en", "Page": 0, "Path": "//Document/Sect[2]/H1", "Text": "A Quality Improvement Study ", "TextSize": 14.944000244140625, "attributes": {"LineHeight": 18, "TextAlign": "Center"}}, {"Bounds": [156.8125, 637.5569915771484, 474.1522674560547, 650.0173797607422], "Font": {"alt_family_name": "Adv PA E", "embedded": true, "encoding": "WinAnsiEncoding", "family_name": "Adv PA E 92", "font_type": "Type1", "italic": false, "monospaced": false, "name": "BBICJP+AdvPAE92", "subset": true, "weight": 400}, "HasClip": false, "Lang": "en", "Page": 0, "Path": "//Document/Sect[2]/P", "Text": "Mohammad H. I. Ahmad-Sabry, MB, ChB, MSc, FRCPC, MD, ABPM ", "TextSize": 10.958999633789062, "attributes": {"LineHeight": 13.125, "SpaceAfter": 18, "TextAlign": "Center"}}, {"Bounds": [77.95065307617188, 552.1502685546875, 307.25885009765625, 611.9445343017578], "Font": {"alt_family_name": "Adv P 46 E", "embedded": true, "encoding": "WinAnsiEncoding", "family_name": "Adv P 46 E 831", "font_type": "Type1", "italic": false, "monospaced": false, "name": "BBICKA+AdvP46E831", "subset": true, "weight": 400}, "HasClip": false, "Lang": "en", "Page": 0, "Path": "//Document/Sect[2]/P[2]", "Text": "Abstract: During 6 weeks, we had 4 incidents of echocardiography machine malfunction. There were 3 in the operating room, which were damaged due to intravenous (IV) fluid spillage over the keyboard of the machine leading to burning of the keyboard electric connection, and 1 in the cardiology department, which was damagaed due to spillage of coffee on it. ", "TextSize": 8.966293334960938}, {"Bounds": [77.95065307617188, 512.2912902832031, 307.15679931640625, 550.0540924072266], "Font": {"alt_family_name": "Adv PADBA", "embedded": true, "encoding": "MacRomanEncoding", "family_name": "Adv PADBA", "font_type": "Type1", "italic": false, "monospaced": false, "name": "BBICKB+AdvPADBA", "subset": true, "weight": 400}, "HasClip": false, "Lang": "en", "Page": 0, "Path": "//Document/Sect[2]/P[3]", "Text": "The malfunction had an economic impact on the hospital (about $ 20,000) in addition to the nonavailability of the ultrasound (US) machine for the cardiac patient after the incident till the end of the case and for consequent cases till the fixation of the machine. ", "TextSize": 7.9701995849609375}, {"Bounds": [77.95065307617188, 402.6930694580078, 307.258056640625, 510.19512939453125], "Font": {"alt_family_name": "Adv PADBA", "embedded": true, "encoding": "MacRomanEncoding", "family_name": "Adv PADBA", "font_type": "Type1", "italic": false, "monospaced": false, "name": "BBICKB+AdvPADBA", "subset": true, "weight": 400}, "HasClip": false, "Lang": "en", "Page": 0, "Path": "//Document/Sect[2]/P[4]", "Text": "We undertook an analysis of the incidents using simplified approach. The first incident happened when changing an emptyIV fluid bag for a full one led to spillage of some fluid onto the keyboard. The second incidence was due to the use of needle to depressurize a medication bottle for continuous IV drip, and the third event was due to disconnection of the IV set from the bottle during transfer of the patient from operation room to intensive care unit. The fundamental problem is of course that fluid is harmful to the US machine. In addition, the machines are in a position between the patient bed and anesthesia machine. This means that IV pulls are oneach side of thepatient bed, which makes the machine vulnerableto fluid spillage. ", "TextSize": 7.9701995849609375}, {"Bounds": [77.95065307617188, 313.05223083496094, 307.25885009765625, 400.59690856933594], "Font": {"alt_family_name": "Adv PADBA", "embedded": true, "encoding": "MacRomanEncoding", "family_name": "Adv PADBA", "font_type": "Type1", "italic": false, "monospaced": false, "name": "BBICKB+AdvPADBA", "subset": true, "weight": 400}, "HasClip": false, "Lang": "en", "Page": 0, "Path": "//Document/Sect[2]/P[5]", "Text": "We considered a machine modification, to create a protective cover, but this was hindered by complexity of keyboard of the US machine, technical and financial challenges, and the time it would take to achieve. Second, we considered thecreation ofa protocol,withputtingthe machine in a position where no IVpullsarearound and transferring the machine out of the room when transferring the patient will endanger the machine by the IV fluid. Third, changing of human behavior; to do this, we announced the protocol in our anesthesia conference to make it known to each and every one. We taught residents, fellows, and staff about the new protocol. ", "TextSize": 7.9701995849609375}, {"Bounds": [77.95065307617188, 293.0948486328125, 307.21429443359375, 310.95606994628906], "Font": {"alt_family_name": "Adv PADBA", "embedded": true, "encoding": "MacRomanEncoding", "family_name": "Adv PADBA", "font_type": "Type1", "italic": false, "monospaced": false, "name": "BBICKB+AdvPADBA", "subset": true, "weight": 400}, "HasClip": false, "Lang": "en", "Page": 0, "Path": "//Document/Sect[2]/P[6]", "Text": "Our simplified approach was effective for the prevention of fluid spillage over the US machine. ", "TextSize": 7.9701995849609375}, {"Bounds": [77.95065307617188, 277.16241455078125, 155.4089813232422, 286.2245330810547], "Font": {"alt_family_name": "Adv PADBA", "embedded": true, "encoding": "MacRomanEncoding", "family_name": "Adv PADBA", "font_type": "Type1", "italic": false, "monospaced": false, "name": "BBICKB+AdvPADBA", "subset": true, "weight": 400}, "HasClip": false, "Lang": "en", "Page": 0, "Path": "//Document/Sect[2]/P[7]", "Text": "(Medicine 94(15):e711) ", "TextSize": 7.9701995849609375}, {"Bounds": [83.90438842773438, 251.89688110351562, 254.23875427246094, 259.94679260253906], "Font": {"alt_family_name": "Adv P 46 E", "embedded": true, "encoding": "WinAnsiEncoding", "family_name": "Adv P 46 E 831", "font_type": "Type1", "italic": false, "monospaced": false, "name": "BBICKA+AdvP46E831", "subset": true, "weight": 400}, "HasClip": false, "Lang": "en", "Page": 0, "Path": "//Document/Sect[3]/H1", "Text": "Abbreviations: IV = intravenous, US = ultrasound. ", "TextSize": 7.9701995849609375, "attributes": {"SpaceAfter": 18}}, {"Bounds": [77.95269775390625, 224.36224365234375, 143.66868591308594, 231.75184631347656], "Font": {"alt_family_name": "Adv PADBA", "embedded": true, "encoding": "MacRomanEncoding", "family_name": "Adv PADBA", "font_type": "Type1", "italic": false, "monospaced": false, "name": "BBICKB+AdvPADBA", "subset": true, "weight": 400}, "HasClip": false, "Lang": "ca", "Page": 0, "Path": "//Document/Sect[3]/P", "Text": "Editor: Dinesh Garg. ", "TextSize": 7.4718017578125}, {"Bounds": [77.95269775390625, 208.43235778808594, 306.9865264892578, 223.81680297851562], "Font": {"alt_family_name": "Adv PADBA", "embedded": true, "encoding": "MacRomanEncoding", "family_name": "Adv PADBA", "font_type": "Type1", "italic": false, "monospaced": false, "name": "BBICKB+AdvPADBA", "subset": true, "weight": 400}, "HasClip": false, "Lang": "en", "Page": 0, "Path": "//Document/Sect[3]/P[2]", "Text": "Received: January 29, 2015; revised: February 18, 2015; accepted: March 8, 2015. ", "TextSize": 7.4718017578125}, {"Bounds": [77.95269775390625, 192.5024871826172, 307.2251739501953, 207.8869171142578], "Font": {"alt_family_name": "Adv PADBA", "embedded": true, "encoding": "MacRomanEncoding", "family_name": "Adv PADBA", "font_type": "Type1", "italic": false, "monospaced": false, "name": "BBICKB+AdvPADBA", "subset": true, "weight": 400}, "HasClip": false, "Lang": "en", "Page": 0, "Path": "//Document/Sect[3]/P[3]", "Text": "From the Alexandria Faculty of Medicine, Alexandria University, Alexandria, Egypt. ", "TextSize": 7.4718017578125}, {"Bounds": [77.95269775390625, 168.4910125732422, 306.949951171875, 191.95704650878906], "Font": {"alt_family_name": "Adv PADBA", "embedded": true, "encoding": "MacRomanEncoding", "family_name": "Adv PADBA", "font_type": "Type1", "italic": false, "monospaced": false, "name": "BBICKB+AdvPADBA", "subset": true, "weight": 400}, "HasClip": false, "Lang": "en", "Page": 0, "Path": "//Document/Sect[3]/P[4]", "Text": "Correspondence: Mohammad H. I. Ahmad-Sabry, Anesthesia Department, Alexandria Faculty of Medicine, Khartoum Square, Alexandria, Egypt (e-mail: (<mailto:mohammad_hazem@yahoo.com>)mohammad_hazem@yahoo.com). ", "TextSize": 7.4718017578125}, {"Bounds": [77.94522094726562, 112.79115295410156, 306.9795684814453, 167.87542724609375], "Font": {"alt_family_name": "Adv P 4115 3 C", "embedded": true, "encoding": "MacRomanEncoding", "family_name": "Adv P 4115 3 C", "font_type": "Type1", "italic": false, "monospaced": false, "name": "BBICLB+AdvP41153C", "subset": true, "weight": 400}, "HasClip": false, "Lang": "en", "Page": 0, "Path": "//Document/Sect[3]/P[5]", "Text": "The authors have no funding and conflicts of interest to disclose. Copyright # 2015 Wolters Kluwer Health, Inc. All rights reserved. This is an open access article distributed under the Creative Commons Attribution-ShareAlike License 4.0, which allows others to remix, tweak, and build upon the work, even for commercial purposes, as long as the author is credited and the new creations are licensed under the identical terms. ", "TextSize": 7.4718017578125}, {"Bounds": [77.95315551757812, 104.85610961914062, 132.94406127929688, 112.24571228027344], "Font": {"alt_family_name": "Adv PADBA", "embedded": true, "encoding": "MacRomanEncoding", "family_name": "Adv PADBA", "font_type": "Type1", "italic": false, "monospaced": false, "name": "BBICKB+AdvPADBA", "subset": true, "weight": 400}, "HasClip": false, "Page": 0, "Path": "//Document/Sect[3]/P[6]/Sub", "Text": "ISSN: 0025-7974 ", "TextSize": 7.4718017578125, "attributes": {"Placement": "Block"}}, {"Bounds": [95.81076049804688, 96.77500915527344, 197.74554443359375, 104.25799560546875], "Font": {"alt_family_name": "Adv PADBA", "embedded": true, "encoding": "MacRomanEncoding", "family_name": "Adv PADBA", "font_type": "Type1", "italic": false, "monospaced": false, "name": "BBICKB+AdvPADBA", "subset": true, "weight": 400}, "HasClip": false, "Page": 0, "Path": "//Document/Sect[3]/P[6]/Sub[2]/Reference", "Text": "10.1097/MD.0000000000000711 ", "TextSize": 7.4718017578125}, {"Bounds": [77.95315551757812, 96.77500915527344, 197.74554443359375, 104.25799560546875], "Font": {"alt_family_name": "Adv PADBA", "embedded": true, "encoding": "MacRomanEncoding", "family_name": "Adv PADBA", "font_type": "Type1", "italic": false, "monospaced": false, "name": "BBICKB+AdvPADBA", "subset": true, "weight": 400}, "HasClip": false, "Page": 0, "Path": "//Document/Sect[3]/P[6]/Sub[2]", "Text": "DOI: ", "TextSize": 7.4718017578125, "attributes": {"Placement": "Block"}}, {"Bounds": [398.3242950439453, 608.2581329345703, 477.53294372558594, 619.5856170654297], "Font": {"alt_family_name": "Adv P", "embedded": true, "encoding": "WinAnsiEncoding", "family_name": "Adv P 9788", "font_type": "Type1", "italic": false, "monospaced": false, "name": "BBICLC+AdvP9788", "subset": true, "weight": 400}, "HasClip": false, "Lang": "en", "Page": 0, "Path": "//Document/Sect[4]/H1", "Text": "INTRODUCTION ", "TextSize": 9.962600708007812, "attributes": {"LineHeight": 12, "TextAlign": "Center"}}, {"Bounds": [323.0928039550781, 584.2430725097656, 344.3340301513672, 607.1340637207031], "Font": {"alt_family_name": "Adv P", "embedded": true, "encoding": "WinAnsiEncoding", "family_name": "Adv P 9779", "font_type": "Type1", "italic": false, "monospaced": false, "name": "BBICIN+AdvP9779", "subset": true, "weight": 400}, "HasClip": false, "Page": 0, "Path": "//Document/Sect[4]/P/Figure", "Text": "M", "TextSize": 22.913894653320312, "attributes": {"BBox": [323.083999999988, 589.7229999999981, 344.3229999999894, 603.1619999999821], "Placement": "Start"}}, {"Bounds": [390.5007019042969, 591.47705078125, 395.5441436767578, 600.43505859375], "Font": {"alt_family_name": "Adv PADBA", "embedded": true, "encoding": "MacRomanEncoding", "family_name": "Adv PADBA", "font_type": "Type1", "italic": false, "monospaced": false, "name": "BBICKB+AdvPADBA", "subset": true, "weight": 400}, "HasClip": false, "Page": 0, "Path": "//Document/Sect[4]/P/StyleSpan/Reference", "Text": "1 ", "TextSize": 5.976806640625}, {"Bounds": [498.2170104980469, 571.5210571289062, 503.2606506347656, 580.47900390625], "Font": {"alt_family_name": "Adv PADBA", "embedded": true, "encoding": "MacRomanEncoding", "family_name": "Adv PADBA", "font_type": "Type1", "italic": false, "monospaced": false, "name": "BBICKB+AdvPADBA", "subset": true, "weight": 400}, "HasClip": false, "Page": 0, "Path": "//Document/Sect[4]/P/StyleSpan[2]/Reference", "Text": "2 ", "TextSize": 5.976806640625}, {"Bounds": [546.916015625, 561.5430297851562, 551.9598541259766, 570.5570068359375], "Font": {"alt_family_name": "Adv PADBA", "embedded": true, "encoding": "MacRomanEncoding", "family_name": "Adv PADBA", "font_type": "Type1", "italic": false, "monospaced": false, "name": "BBICKB+AdvPADBA", "subset": true, "weight": 400}, "HasClip": false, "Page": 0, "Path": "//Document/Sect[4]/P/StyleSpan[3]/Reference", "Text": "3 ", "TextSize": 5.976806640625}, {"Bounds": [416.522705078125, 521.6880493164062, 421.56614685058594, 530.7020263671875], "Font": {"alt_family_name": "Adv PADBA", "embedded": true, "encoding": "MacRomanEncoding", "family_name": "Adv PADBA", "font_type": "Type1", "italic": false, "monospaced": false, "name": "BBICKB+AdvPADBA", "subset": true, "weight": 400}, "HasClip": false, "Page": 0, "Path": "//Document/Sect[4]/P/StyleSpan[4]/Reference", "Text": "4 ", "TextSize": 5.976806640625}, {"Bounds": [494.7020263671875, 442.0350341796875, 499.7456512451172, 450.9920349121094], "Font": {"alt_family_name": "Adv PADBA", "embedded": true, "encoding": "MacRomanEncoding", "family_name": "Adv PADBA", "font_type": "Type1", "italic": false, "monospaced": false, "name": "BBICKB+AdvPADBA", "subset": true, "weight": 400}, "HasClip": false, "Page": 0, "Path": "//Document/Sect[4]/P/StyleSpan[5]/Reference", "Text": "5 ", "TextSize": 5.976806640625}, {"Bounds": [323.08961486816406, 438.13385009765625, 552.5293273925781, 607.1340637207031], "Font": {"alt_family_name": "Adv PADBA", "embedded": true, "encoding": "MacRomanEncoding", "family_name": "Adv PADBA", "font_type": "Type1", "italic": false, "monospaced": false, "name": "BBICKB+AdvPADBA", "subset": true, "weight": 400}, "HasClip": false, "Lang": "en", "Page": 0, "Path": "//Document/Sect[4]/P", "Text": "Medical errors were first mentioned in Hammurabi\u2019s laws (1780 B.C.).Medical risks were evaluated as worse than many activities in both civilian and industrial activities with estimated 44,000 to 98,000 deaths annually.Economical impact was evaluated as up to $ 29 billion in the USA.Analgesics or pain medications are involved in up to 30% of drug-related adverse effects. The incidence of wrong drug administration appears to be similar comparing anesthesiologists in 3 subcontinents.Between 1996 and 2004, 27,971 claims were made by the Danish Patient Insurance Association covering all medical specialties, of which 1256 files (4.5%) were related to anesthesia. In 24 cases of deaths, the patient\u2019s death was considered to result from the anesthetic procedure: 4 deaths were related to airway management, 2 to ventilation management, 4 to central venous catheter placement, 4 as a result of medication errors, 4 from infusion pump problems, and 4 after complications from regional blockades.", "TextSize": 8.966293334960938}, {"Bounds": [323.0931396484375, 328.5405578613281, 552.5874328613281, 437.02381896972656], "Font": {"alt_family_name": "Adv PADBA", "embedded": true, "encoding": "MacRomanEncoding", "family_name": "Adv PADBA", "font_type": "Type1", "italic": false, "monospaced": false, "name": "BBICKB+AdvPADBA", "subset": true, "weight": 400}, "HasClip": false, "Lang": "en", "Page": 0, "Path": "//Document/Sect[4]/P[2]", "Text": "During 1 month, we had 4 incidents of echocardiography machine malfunction. There were 3 in the operating room, which were damaged due to intravenous (IV) fluid spillage over the keyboard of the machine leading to burning of the keyboard electric connection, and 1 in the cardiology department, which were damaged due to spillage of coffee on it. The question is the disease model as a way to simplify training of personnel to overcome the problem of human error that is encountered in our daily medical practice. Our hypothesis is that this simplified approach is effective in training health workers to understand, prevent, and manage human error problems. ", "TextSize": 8.966293334960938}, {"Bounds": [323.0931396484375, 298.66485595703125, 552.5012664794922, 327.4287414550781], "Font": {"alt_family_name": "Adv PADBA", "embedded": true, "encoding": "MacRomanEncoding", "family_name": "Adv PADBA", "font_type": "Type1", "italic": false, "monospaced": false, "name": "BBICKB+AdvPADBA", "subset": true, "weight": 400}, "HasClip": false, "Lang": "en", "Page": 0, "Path": "//Document/Sect[4]/P[3]", "Text": "The aim of this study is to evaluate our simplified approach to manage and prevent human error and consequently improve patient safety. ", "TextSize": 8.966293334960938}, {"Bounds": [412.10069274902344, 277.5684356689453, 463.7328643798828, 288.8959197998047], "Font": {"alt_family_name": "Adv P", "embedded": true, "encoding": "WinAnsiEncoding", "family_name": "Adv P 9788", "font_type": "Type1", "italic": false, "monospaced": false, "name": "BBICLC+AdvP9788", "subset": true, "weight": 400}, "HasClip": false, "Lang": "en", "Page": 0, "Path": "//Document/Sect[5]/H1", "Text": "METHODS ", "TextSize": 9.962600708007812, "attributes": {"LineHeight": 12, "TextAlign": "Center"}}, {"Bounds": [323.0931396484375, 237.26710510253906, 552.4895935058594, 275.5442352294922], "Font": {"alt_family_name": "Adv P 4115 3 C", "embedded": true, "encoding": "MacRomanEncoding", "family_name": "Adv P 4115 3 C", "font_type": "Type1", "italic": false, "monospaced": false, "name": "BBICLB+AdvP41153C", "subset": true, "weight": 400}, "HasClip": false, "Lang": "en", "Page": 0, "Path": "//Document/Sect[5]/P", "Text": "Approval of the ethical committee of the Alexandria Faculty of Medicine was obtained regarding our simplified approach. No name for the personnel involved in the 4 incidents was on records. ", "TextSize": 8.966293334960938}, {"Bounds": [341.00779724121094, 227.28761291503906, 507.5146789550781, 235.68902587890625], "Font": {"alt_family_name": "Adv P 4115 3 C", "embedded": true, "encoding": "MacRomanEncoding", "family_name": "Adv P 4115 3 C", "font_type": "Type1", "italic": false, "monospaced": false, "name": "BBICLB+AdvP41153C", "subset": true, "weight": 400}, "HasClip": false, "Lang": "en", "Page": 0, "Path": "//Document/Sect[5]/P[2]", "Text": "No funding agent was involved in our study. ", "TextSize": 8.966293334960938}, {"Bounds": [323.0931396484375, 177.5067138671875, 552.5264587402344, 225.70953369140625], "Font": {"alt_family_name": "Adv P 4115 3 C", "embedded": true, "encoding": "MacRomanEncoding", "family_name": "Adv P 4115 3 C", "font_type": "Type1", "italic": false, "monospaced": false, "name": "BBICLB+AdvP41153C", "subset": true, "weight": 400}, "HasClip": false, "Lang": "en", "Page": 0, "Path": "//Document/Sect[5]/P[3]", "Text": "To simplify the approach to human errors in a way close to the medical staff clinical thinking and practice, we approached the human error as a disease process that has predisposing factors and need both diagnosis and management for full understanding and prevention as well as follow-up. ", "TextSize": 8.966293334960938}, {"Bounds": [323.0931396484375, 157.5477294921875, 552.5067443847656, 175.9286346435547], "Font": {"alt_family_name": "Adv P 4115 3 C", "embedded": true, "encoding": "MacRomanEncoding", "family_name": "Adv P 4115 3 C", "font_type": "Type1", "italic": false, "monospaced": false, "name": "BBICLB+AdvP41153C", "subset": true, "weight": 400}, "HasClip": false, "Lang": "en", "Page": 0, "Path": "//Document/Sect[5]/P[4]", "Text": "The medical system is vulnerable to errors (predisposing factors) due to many reasons: ", "TextSize": 8.966293334960938}, {"Bounds": [323.0931396484375, 140.5924530029297, 332.05943298339844, 148.99388122558594], "Font": {"alt_family_name": "Adv P 4115 3 C", "embedded": true, "encoding": "MacRomanEncoding", "family_name": "Adv P 4115 3 C", "font_type": "Type1", "italic": false, "monospaced": false, "name": "BBICLB+AdvP41153C", "subset": true, "weight": 400}, "HasClip": false, "Page": 0, "Path": "//Document/Sect[5]/L/LI/Lbl", "Text": "1. ", "TextSize": 8.966293334960938}, {"Bounds": [337.83372497558594, 141.61460876464844, 455.3469543457031, 150.0160369873047], "Font": {"alt_family_name": "Adv P 4115 3 C", "embedded": true, "encoding": "MacRomanEncoding", "family_name": "Adv P 4115 3 C", "font_type": "Type1", "italic": false, "monospaced": false, "name": "BBICLB+AdvP41153C", "subset": true, "weight": 400}, "HasClip": false, "Page": 0, "Path": "//Document/Sect[5]/L/LI/LBody", "Text": "Complexity of the human body ", "TextSize": 8.966293334960938}, {"Bounds": [323.0931396484375, 129.653564453125, 332.05943298339844, 138.05499267578125], "Font": {"alt_family_name": "Adv P 4115 3 C", "embedded": true, "encoding": "MacRomanEncoding", "family_name": "Adv P 4115 3 C", "font_type": "Type1", "italic": false, "monospaced": false, "name": "BBICLB+AdvP41153C", "subset": true, "weight": 400}, "HasClip": false, "Page": 0, "Path": "//Document/Sect[5]/L/LI[2]/Lbl", "Text": "2. ", "TextSize": 8.966293334960938}, {"Bounds": [337.83372497558594, 130.67572021484375, 509.1142120361328, 139.0771484375], "Font": {"alt_family_name": "Adv P 4115 3 C", "embedded": true, "encoding": "MacRomanEncoding", "family_name": "Adv P 4115 3 C", "font_type": "Type1", "italic": false, "monospaced": false, "name": "BBICLB+AdvP41153C", "subset": true, "weight": 400}, "HasClip": false, "Page": 0, "Path": "//Document/Sect[5]/L/LI[2]/LBody", "Text": "Many and varied interactions with technology ", "TextSize": 8.966293334960938}, {"Bounds": [323.0931396484375, 118.71467590332031, 332.05943298339844, 127.11610412597656], "Font": {"alt_family_name": "Adv P 4115 3 C", "embedded": true, "encoding": "MacRomanEncoding", "family_name": "Adv P 4115 3 C", "font_type": "Type1", "italic": false, "monospaced": false, "name": "BBICLB+AdvP41153C", "subset": true, "weight": 400}, "HasClip": false, "Page": 0, "Path": "//Document/Sect[5]/L/LI[3]/Lbl", "Text": "3. ", "TextSize": 8.966293334960938}, {"Bounds": [337.83372497558594, 119.68304443359375, 492.27821350097656, 128.08445739746094], "Font": {"alt_family_name": "Adv P 4115 3 C", "embedded": true, "encoding": "MacRomanEncoding", "family_name": "Adv P 4115 3 C", "font_type": "Type1", "italic": false, "monospaced": false, "name": "BBICLB+AdvP41153C", "subset": true, "weight": 400}, "HasClip": false, "Page": 0, "Path": "//Document/Sect[5]/L/LI[3]/LBody", "Text": "Multiple caregivers and handoffs for care ", "TextSize": 8.966293334960938}, {"Bounds": [323.0931396484375, 107.72200012207031, 332.05943298339844, 116.1234130859375], "Font": {"alt_family_name": "Adv P 4115 3 C", "embedded": true, "encoding": "MacRomanEncoding", "family_name": "Adv P 4115 3 C", "font_type": "Type1", "italic": false, "monospaced": false, "name": "BBICLB+AdvP41153C", "subset": true, "weight": 400}, "HasClip": false, "Page": 0, "Path": "//Document/Sect[5]/L/LI[4]/Lbl", "Text": "4. ", "TextSize": 8.966293334960938}, {"Bounds": [337.83372497558594, 108.74415588378906, 486.58457946777344, 117.14558410644531], "Font": {"alt_family_name": "Adv P 4115 3 C", "embedded": true, "encoding": "MacRomanEncoding", "family_name": "Adv P 4115 3 C", "font_type": "Type1", "italic": false, "monospaced": false, "name": "BBICLB+AdvP41153C", "subset": true, "weight": 400}, "HasClip": false, "Page": 0, "Path": "//Document/Sect[5]/L/LI[4]/LBody", "Text": "Poor communications among caregivers ", "TextSize": 8.966293334960938}, {"Bounds": [323.0931396484375, 96.78311157226562, 332.05943298339844, 105.18453979492188], "Font": {"alt_family_name": "Adv P 4115 3 C", "embedded": true, "encoding": "MacRomanEncoding", "family_name": "Adv P 4115 3 C", "font_type": "Type1", "italic": false, "monospaced": false, "name": "BBICLB+AdvP41153C", "subset": true, "weight": 400}, "HasClip": false, "Page": 0, "Path": "//Document/Sect[5]/L/LI[5]/Lbl", "Text": "5. ", "TextSize": 8.966293334960938}, {"Bounds": [337.83372497558594, 97.80526733398438, 454.2970428466797, 106.20669555664062], "Font": {"alt_family_name": "Adv P 4115 3 C", "embedded": true, "encoding": "MacRomanEncoding", "family_name": "Adv P 4115 3 C", "font_type": "Type1", "italic": false, "monospaced": false, "name": "BBICLB+AdvP41153C", "subset": true, "weight": 400}, "HasClip": false, "Page": 0, "Path": "//Document/Sect[5]/L/LI[5]/LBody", "Text": "High acuity of illness or injury ", "TextSize": 8.966293334960938}, {"Bounds": [75.79840087890625, 723.4640045166016, 84.76469421386719, 731.8654327392578], "Font": {"alt_family_name": "Adv P 4115 3 C", "embedded": true, "encoding": "MacRomanEncoding", "family_name": "Adv P 4115 3 C", "font_type": "Type1", "italic": false, "monospaced": false, "name": "BBICLB+AdvP41153C", "subset": true, "weight": 400}, "HasClip": false, "Page": 1, "Path": "//Document/Sect[5]/L/LI[6]/Lbl", "Text": "6. ", "TextSize": 8.966293334960938}, {"Bounds": [90.53900146484375, 724.432373046875, 253.83856201171875, 732.8337860107422], "Font": {"alt_family_name": "Adv P 4115 3 C", "embedded": true, "encoding": "MacRomanEncoding", "family_name": "Adv P 4115 3 C", "font_type": "Type1", "italic": false, "monospaced": false, "name": "BBICLB+AdvP41153C", "subset": true, "weight": 400}, "HasClip": false, "Page": 1, "Path": "//Document/Sect[5]/L/LI[6]/LBody", "Text": "Medical environment is prone to distraction ", "TextSize": 8.966293334960938}, {"Bounds": [75.79840087890625, 712.4713287353516, 84.76469421386719, 720.8727416992188], "Font": {"alt_family_name": "Adv P 4115 3 C", "embedded": true, "encoding": "MacRomanEncoding", "family_name": "Adv P 4115 3 C", "font_type": "Type1", "italic": false, "monospaced": false, "name": "BBICLB+AdvP41153C", "subset": true, "weight": 400}, "HasClip": false, "Page": 1, "Path": "//Document/Sect[5]/L/LI[7]/Lbl", "Text": "7. ", "TextSize": 8.966293334960938}, {"Bounds": [90.53900146484375, 713.4934844970703, 247.4725799560547, 721.8949127197266], "Font": {"alt_family_name": "Adv P 4115 3 C", "embedded": true, "encoding": "MacRomanEncoding", "family_name": "Adv P 4115 3 C", "font_type": "Type1", "italic": false, "monospaced": false, "name": "BBICLB+AdvP41153C", "subset": true, "weight": 400}, "HasClip": false, "Page": 1, "Path": "//Document/Sect[5]/L/LI[7]/LBody", "Text": "Need for rapid decision and time pressure ", "TextSize": 8.966293334960938}, {"Bounds": [75.79840087890625, 701.5324401855469, 84.76469421386719, 709.9338684082031], "Font": {"alt_family_name": "Adv P 4115 3 C", "embedded": true, "encoding": "MacRomanEncoding", "family_name": "Adv P 4115 3 C", "font_type": "Type1", "italic": false, "monospaced": false, "name": "BBICLB+AdvP41153C", "subset": true, "weight": 400}, "HasClip": false, "Page": 1, "Path": "//Document/Sect[5]/L/LI[8]/Lbl", "Text": "8. ", "TextSize": 8.966293334960938}, {"Bounds": [90.53900146484375, 702.5545959472656, 254.7792205810547, 710.9560241699219], "Font": {"alt_family_name": "Adv P 4115 3 C", "embedded": true, "encoding": "MacRomanEncoding", "family_name": "Adv P 4115 3 C", "font_type": "Type1", "italic": false, "monospaced": false, "name": "BBICLB+AdvP41153C", "subset": true, "weight": 400}, "HasClip": false, "Page": 1, "Path": "//Document/Sect[5]/L/LI[8]/LBody", "Text": "High volume and unpredictable patient flow ", "TextSize": 8.966293334960938}, {"Bounds": [75.79840087890625, 690.5935516357422, 84.76469421386719, 698.9949798583984], "Font": {"alt_family_name": "Adv P 4115 3 C", "embedded": true, "encoding": "MacRomanEncoding", "family_name": "Adv P 4115 3 C", "font_type": "Type1", "italic": false, "monospaced": false, "name": "BBICLB+AdvP41153C", "subset": true, "weight": 400}, "HasClip": false, "Page": 1, "Path": "//Document/Sect[5]/L/LI[9]/Lbl", "Text": "9. ", "TextSize": 8.966293334960938}, {"Bounds": [90.53900146484375, 691.5619201660156, 199.99331665039062, 699.9633331298828], "Font": {"alt_family_name": "Adv P 4115 3 C", "embedded": true, "encoding": "MacRomanEncoding", "family_name": "Adv P 4115 3 C", "font_type": "Type1", "italic": false, "monospaced": false, "name": "BBICLB+AdvP41153C", "subset": true, "weight": 400}, "HasClip": false, "Page": 1, "Path": "//Document/Sect[5]/L/LI[9]/LBody", "Text": "Exhaustion and short staffing ", "TextSize": 8.966293334960938}, {"Bounds": [75.79840087890625, 607.8794403076172, 305.2379608154297, 676.0950469970703], "Font": {"alt_family_name": "Adv P 4115 3 C", "embedded": true, "encoding": "MacRomanEncoding", "family_name": "Adv P 4115 3 C", "font_type": "Type1", "italic": false, "monospaced": false, "name": "BBICLB+AdvP41153C", "subset": true, "weight": 400}, "HasClip": false, "Lang": "en", "Page": 1, "Path": "//Document/Sect[5]/P[5]", "Text": "In spite of the use of simulators in anesthesia training, human errors still happen. Many researchers in human errors in medicine are comparing the medical error rates with the errors of aviation as a model to imitate. As there are many similarities between the aviation and anesthesia, there are more differences between the practice and subjects (patients vs airplanes). We need to put these differences in mind, while managing human errors. ", "TextSize": 8.966293334960938}, {"Bounds": [75.79840087890625, 585.4676361083984, 246.00244140625, 596.7951202392578], "Font": {"alt_family_name": "Adv P", "embedded": true, "encoding": "WinAnsiEncoding", "family_name": "Adv P 9788", "font_type": "Type1", "italic": false, "monospaced": false, "name": "BBICLC+AdvP9788", "subset": true, "weight": 400}, "HasClip": false, "Lang": "en", "Page": 1, "Path": "//Document/Sect[5]/Sect/H2", "Text": "Environment of Safety (Prevention) ", "TextSize": 9.962600708007812, "attributes": {"LineHeight": 12}}, {"Bounds": [75.79862976074219, 555.0889892578125, 305.2176208496094, 583.3866271972656], "Font": {"alt_family_name": "Adv P 4115 3 C", "embedded": true, "encoding": "MacRomanEncoding", "family_name": "Adv P 4115 3 C", "font_type": "Type1", "italic": false, "monospaced": false, "name": "BBICLB+AdvP41153C", "subset": true, "weight": 400}, "HasClip": false, "Lang": "en", "Page": 1, "Path": "//Document/Sect[5]/Sect/P", "Text": "As there is predisposing factors for errors, there is a culture of human safety, which helps in the prevention and proper management for the condition: ", "TextSize": 8.966293334960938}, {"Bounds": [75.79862976074219, 538.1337127685547, 84.76493835449219, 546.5351409912109], "Font": {"alt_family_name": "Adv P 4115 3 C", "embedded": true, "encoding": "MacRomanEncoding", "family_name": "Adv P 4115 3 C", "font_type": "Type1", "italic": false, "monospaced": false, "name": "BBICLB+AdvP41153C", "subset": true, "weight": 400}, "HasClip": false, "Page": 1, "Path": "//Document/Sect[5]/Sect/L/LI/Lbl", "Text": "1. ", "TextSize": 8.966293334960938}, {"Bounds": [90.53923034667969, 529.1763763427734, 305.17266845703125, 547.5572967529297], "Font": {"alt_family_name": "Adv P 4115 3 C", "embedded": true, "encoding": "MacRomanEncoding", "family_name": "Adv P 4115 3 C", "font_type": "Type1", "italic": false, "monospaced": false, "name": "BBICLB+AdvP41153C", "subset": true, "weight": 400}, "HasClip": false, "Page": 1, "Path": "//Document/Sect[5]/Sect/L/LI/LBody", "Text": "Acknowledges high risk and error-prone nature of health care ", "TextSize": 8.966293334960938}, {"Bounds": [75.79862976074219, 518.2375030517578, 84.76493835449219, 526.638916015625], "Font": {"alt_family_name": "Adv P 4115 3 C", "embedded": true, "encoding": "MacRomanEncoding", "family_name": "Adv P 4115 3 C", "font_type": "Type1", "italic": false, "monospaced": false, "name": "BBICLB+AdvP41153C", "subset": true, "weight": 400}, "HasClip": false, "Page": 1, "Path": "//Document/Sect[5]/Sect/L/LI[2]/Lbl", "Text": "2. ", "TextSize": 8.966293334960938}, {"Bounds": [90.53923034667969, 519.2058563232422, 289.514892578125, 527.6072845458984], "Font": {"alt_family_name": "Adv P 4115 3 C", "embedded": true, "encoding": "MacRomanEncoding", "family_name": "Adv P 4115 3 C", "font_type": "Type1", "italic": false, "monospaced": false, "name": "BBICLB+AdvP41153C", "subset": true, "weight": 400}, "HasClip": false, "Page": 1, "Path": "//Document/Sect[5]/Sect/L/LI[2]/LBody", "Text": "Shared acceptance of responsibility for risk reduction ", "TextSize": 8.966293334960938}, {"Bounds": [75.79862976074219, 507.24481201171875, 84.76493835449219, 515.646240234375], "Font": {"alt_family_name": "Adv P 4115 3 C", "embedded": true, "encoding": "MacRomanEncoding", "family_name": "Adv P 4115 3 C", "font_type": "Type1", "italic": false, "monospaced": false, "name": "BBICLB+AdvP41153C", "subset": true, "weight": 400}, "HasClip": false, "Page": 1, "Path": "//Document/Sect[5]/Sect/L/LI[3]/Lbl", "Text": "3. ", "TextSize": 8.966293334960938}, {"Bounds": [90.53923034667969, 498.2874755859375, 305.18443298339844, 516.6683959960938], "Font": {"alt_family_name": "Adv P 4115 3 C", "embedded": true, "encoding": "MacRomanEncoding", "family_name": "Adv P 4115 3 C", "font_type": "Type1", "italic": false, "monospaced": false, "name": "BBICLB+AdvP41153C", "subset": true, "weight": 400}, "HasClip": false, "Page": 1, "Path": "//Document/Sect[5]/Sect/L/LI[3]/LBody", "Text": "Open communication about safety concerns in nonpunitive environment and freedom of fear of reporting problems ", "TextSize": 8.966293334960938}, {"Bounds": [75.79862976074219, 487.3485870361328, 84.76493835449219, 495.75001525878906], "Font": {"alt_family_name": "Adv P 4115 3 C", "embedded": true, "encoding": "MacRomanEncoding", "family_name": "Adv P 4115 3 C", "font_type": "Type1", "italic": false, "monospaced": false, "name": "BBICLB+AdvP41153C", "subset": true, "weight": 400}, "HasClip": false, "Page": 1, "Path": "//Document/Sect[5]/Sect/L/LI[4]/Lbl", "Text": "4. ", "TextSize": 8.966293334960938}, {"Bounds": [90.53923034667969, 488.31695556640625, 275.4342498779297, 496.7183837890625], "Font": {"alt_family_name": "Adv P 4115 3 C", "embedded": true, "encoding": "MacRomanEncoding", "family_name": "Adv P 4115 3 C", "font_type": "Type1", "italic": false, "monospaced": false, "name": "BBICLB+AdvP41153C", "subset": true, "weight": 400}, "HasClip": false, "Page": 1, "Path": "//Document/Sect[5]/Sect/L/LI[4]/LBody", "Text": "Facilitates reporting of errors and safety concerns ", "TextSize": 8.966293334960938}, {"Bounds": [75.79862976074219, 476.4097137451172, 84.76493835449219, 484.8111267089844], "Font": {"alt_family_name": "Adv P 4115 3 C", "embedded": true, "encoding": "MacRomanEncoding", "family_name": "Adv P 4115 3 C", "font_type": "Type1", "italic": false, "monospaced": false, "name": "BBICLB+AdvP41153C", "subset": true, "weight": 400}, "HasClip": false, "Page": 1, "Path": "//Document/Sect[5]/Sect/L/LI[5]/Lbl", "Text": "5. ", "TextSize": 8.966293334960938}, {"Bounds": [90.53923034667969, 477.37806701660156, 266.280517578125, 485.7794952392578], "Font": {"alt_family_name": "Adv P 4115 3 C", "embedded": true, "encoding": "MacRomanEncoding", "family_name": "Adv P 4115 3 C", "font_type": "Type1", "italic": false, "monospaced": false, "name": "BBICLB+AdvP41153C", "subset": true, "weight": 400}, "HasClip": false, "Page": 1, "Path": "//Document/Sect[5]/Sect/L/LI[5]/LBody", "Text": "Learns from errors and redesigns safer systems ", "TextSize": 8.966293334960938}, {"Bounds": [75.79862976074219, 465.4170227050781, 84.76493835449219, 473.8184509277344], "Font": {"alt_family_name": "Adv P 4115 3 C", "embedded": true, "encoding": "MacRomanEncoding", "family_name": "Adv P 4115 3 C", "font_type": "Type1", "italic": false, "monospaced": false, "name": "BBICLB+AdvP41153C", "subset": true, "weight": 400}, "HasClip": false, "Page": 1, "Path": "//Document/Sect[5]/Sect/L/LI[6]/Lbl", "Text": "6. ", "TextSize": 8.966293334960938}, {"Bounds": [90.53923034667969, 466.4391784667969, 251.25840759277344, 474.8406066894531], "Font": {"alt_family_name": "Adv P 4115 3 C", "embedded": true, "encoding": "MacRomanEncoding", "family_name": "Adv P 4115 3 C", "font_type": "Type1", "italic": false, "monospaced": false, "name": "BBICLB+AdvP41153C", "subset": true, "weight": 400}, "HasClip": false, "Page": 1, "Path": "//Document/Sect[5]/Sect/L/LI[6]/LBody", "Text": "Encourages accountability of patient safety ", "TextSize": 8.966293334960938}, {"Bounds": [75.79862976074219, 454.47813415527344, 84.76493835449219, 462.8795623779297], "Font": {"alt_family_name": "Adv P 4115 3 C", "embedded": true, "encoding": "MacRomanEncoding", "family_name": "Adv P 4115 3 C", "font_type": "Type1", "italic": false, "monospaced": false, "name": "BBICLB+AdvP41153C", "subset": true, "weight": 400}, "HasClip": false, "Page": 1, "Path": "//Document/Sect[5]/Sect/L/LI[7]/Lbl", "Text": "7. ", "TextSize": 8.966293334960938}, {"Bounds": [90.53923034667969, 445.5207977294922, 305.1943054199219, 463.90171813964844], "Font": {"alt_family_name": "Adv P 4115 3 C", "embedded": true, "encoding": "MacRomanEncoding", "family_name": "Adv P 4115 3 C", "font_type": "Type1", "italic": false, "monospaced": false, "name": "BBICLB+AdvP41153C", "subset": true, "weight": 400}, "HasClip": false, "Page": 1, "Path": "//Document/Sect[5]/Sect/L/LI[7]/LBody", "Text": "Ensures that organizational structures, processes, goals, and rewards are aligned with improving patient safety ", "TextSize": 8.966293334960938}, {"Bounds": [75.79840087890625, 419.0739440917969, 305.41441345214844, 430.4014129638672], "Font": {"alt_family_name": "Adv P", "embedded": true, "encoding": "WinAnsiEncoding", "family_name": "Adv P 9788", "font_type": "Type1", "italic": false, "monospaced": false, "name": "BBICLC+AdvP9788", "subset": true, "weight": 400}, "HasClip": false, "Lang": "en", "Page": 1, "Path": "//Document/Sect[5]/Sect[2]/H2", "Text": "How to Act Toward Errors (Root Cause Analysis) ", "TextSize": 9.962600708007812, "attributes": {"LineHeight": 12}}, {"Bounds": [75.79862976074219, 358.81361389160156, 305.2947235107422, 417.0497283935547], "Font": {"alt_family_name": "Adv P 4115 3 C", "embedded": true, "encoding": "MacRomanEncoding", "family_name": "Adv P 4115 3 C", "font_type": "Type1", "italic": false, "monospaced": false, "name": "BBICLB+AdvP41153C", "subset": true, "weight": 400}, "HasClip": false, "Lang": "en", "Page": 1, "Path": "//Document/Sect[5]/Sect[2]/P", "Text": "Drilling down to root cause may be difficult and uncomfortable; do not mistake the apparent cause for the root cause, resist the temptation to stop looking for the root cause, and resist premature actions. Treating only symptoms (the obvious or proximate cause) will only lead to short-term improvement but will not prevent recurrence. ", "TextSize": 8.966293334960938}, {"Bounds": [75.79840087890625, 336.3590393066406, 123.50032043457031, 347.68650817871094], "Font": {"alt_family_name": "Adv P", "embedded": true, "encoding": "WinAnsiEncoding", "family_name": "Adv P 9788", "font_type": "Type1", "italic": false, "monospaced": false, "name": "BBICLC+AdvP9788", "subset": true, "weight": 400}, "HasClip": false, "Lang": "en", "Page": 1, "Path": "//Document/Sect[5]/Sect[3]/H2", "Text": "Diagnosis ", "TextSize": 9.962600708007812, "attributes": {"LineHeight": 12}}, {"Bounds": [75.79862976074219, 315.9538116455078, 305.17991638183594, 334.33473205566406], "Font": {"alt_family_name": "Adv P 4115 3 C", "embedded": true, "encoding": "MacRomanEncoding", "family_name": "Adv P 4115 3 C", "font_type": "Type1", "italic": false, "monospaced": false, "name": "BBICLB+AdvP41153C", "subset": true, "weight": 400}, "HasClip": false, "Lang": "en", "Page": 1, "Path": "//Document/Sect[5]/Sect[3]/P", "Text": "Identify the factors of the case. Who? What? Where? When? Why? ", "TextSize": 8.966293334960938}, {"Bounds": [75.79862976074219, 296.05760192871094, 305.18524169921875, 314.4385070800781], "Font": {"alt_family_name": "Adv P 4115 3 C", "embedded": true, "encoding": "MacRomanEncoding", "family_name": "Adv P 4115 3 C", "font_type": "Type1", "italic": false, "monospaced": false, "name": "BBICLB+AdvP41153C", "subset": true, "weight": 400}, "HasClip": false, "Lang": "en", "Page": 1, "Path": "//Document/Sect[5]/Sect[3]/P[2]", "Text": "Describe the process: as designed, as usually performed, and as performed in this case. ", "TextSize": 8.966293334960938}, {"Bounds": [75.79840087890625, 273.5999450683594, 127.01911926269531, 284.9274139404297], "Font": {"alt_family_name": "Adv P", "embedded": true, "encoding": "WinAnsiEncoding", "family_name": "Adv P 9788", "font_type": "Type1", "italic": false, "monospaced": false, "name": "BBICLC+AdvP9788", "subset": true, "weight": 400}, "HasClip": false, "Lang": "en", "Page": 1, "Path": "//Document/Sect[5]/Sect[4]/H2", "Text": "Treatment ", "TextSize": 9.962600708007812, "attributes": {"LineHeight": 12}}, {"Bounds": [75.79840087890625, 257.16481018066406, 84.76469421386719, 265.5662384033203], "Font": {"alt_family_name": "Adv P 4115 3 C", "embedded": true, "encoding": "MacRomanEncoding", "family_name": "Adv P 4115 3 C", "font_type": "Type1", "italic": false, "monospaced": false, "name": "BBICLB+AdvP41153C", "subset": true, "weight": 400}, "HasClip": false, "Page": 1, "Path": "//Document/Sect[5]/Sect[4]/L/LI/Lbl", "Text": "1. ", "TextSize": 8.966293334960938}, {"Bounds": [90.53900146484375, 258.1869659423828, 191.6421661376953, 266.58839416503906], "Font": {"alt_family_name": "Adv P 4115 3 C", "embedded": true, "encoding": "MacRomanEncoding", "family_name": "Adv P 4115 3 C", "font_type": "Type1", "italic": false, "monospaced": false, "name": "BBICLB+AdvP41153C", "subset": true, "weight": 400}, "HasClip": false, "Page": 1, "Path": "//Document/Sect[5]/Sect[4]/L/LI/LBody", "Text": "Machine/drug modification ", "TextSize": 8.966293334960938}, {"Bounds": [75.79840087890625, 246.22592163085938, 84.76469421386719, 254.62734985351562], "Font": {"alt_family_name": "Adv P 4115 3 C", "embedded": true, "encoding": "MacRomanEncoding", "family_name": "Adv P 4115 3 C", "font_type": "Type1", "italic": false, "monospaced": false, "name": "BBICLB+AdvP41153C", "subset": true, "weight": 400}, "HasClip": false, "Page": 1, "Path": "//Document/Sect[5]/Sect[4]/L/LI[2]/Lbl", "Text": "2. ", "TextSize": 8.966293334960938}, {"Bounds": [90.53900146484375, 247.24807739257812, 251.49395751953125, 255.64950561523438], "Font": {"alt_family_name": "Adv P 4115 3 C", "embedded": true, "encoding": "MacRomanEncoding", "family_name": "Adv P 4115 3 C", "font_type": "Type1", "italic": false, "monospaced": false, "name": "BBICLB+AdvP41153C", "subset": true, "weight": 400}, "HasClip": false, "Page": 1, "Path": "//Document/Sect[5]/Sect[4]/L/LI[2]/LBody", "Text": "Create protocols (standards and guidelines) ", "TextSize": 8.966293334960938}, {"Bounds": [75.79840087890625, 235.2870330810547, 84.76469421386719, 243.68846130371094], "Font": {"alt_family_name": "Adv P 4115 3 C", "embedded": true, "encoding": "MacRomanEncoding", "family_name": "Adv P 4115 3 C", "font_type": "Type1", "italic": false, "monospaced": false, "name": "BBICLB+AdvP41153C", "subset": true, "weight": 400}, "HasClip": false, "Page": 1, "Path": "//Document/Sect[5]/Sect[4]/L/LI[3]/Lbl", "Text": "3. ", "TextSize": 8.966293334960938}, {"Bounds": [90.53900146484375, 236.25540161132812, 192.60414123535156, 244.6568145751953], "Font": {"alt_family_name": "Adv P 4115 3 C", "embedded": true, "encoding": "MacRomanEncoding", "family_name": "Adv P 4115 3 C", "font_type": "Type1", "italic": false, "monospaced": false, "name": "BBICLB+AdvP41153C", "subset": true, "weight": 400}, "HasClip": false, "Page": 1, "Path": "//Document/Sect[5]/Sect[4]/L/LI[3]/LBody", "Text": "Change of human behavior ", "TextSize": 8.966293334960938}, {"Bounds": [75.79840087890625, 199.8992462158203, 170.8983917236328, 211.22671508789062], "Font": {"alt_family_name": "Adv P", "embedded": true, "encoding": "WinAnsiEncoding", "family_name": "Adv P 9788", "font_type": "Type1", "italic": false, "monospaced": false, "name": "BBICLC+AdvP9788", "subset": true, "weight": 400}, "HasClip": false, "Lang": "en", "Page": 1, "Path": "//Document/Sect[5]/Sect[5]/H2", "Text": "Follow-Up (SMART) ", "TextSize": 9.962600708007812, "attributes": {"LineHeight": 12}}, {"Bounds": [75.79840087890625, 183.464111328125, 84.76469421386719, 191.86553955078125], "Font": {"alt_family_name": "Adv P 4115 3 C", "embedded": true, "encoding": "MacRomanEncoding", "family_name": "Adv P 4115 3 C", "font_type": "Type1", "italic": false, "monospaced": false, "name": "BBICLB+AdvP41153C", "subset": true, "weight": 400}, "HasClip": false, "Page": 1, "Path": "//Document/Sect[5]/Sect[5]/L/LI/Lbl", "Text": "1. ", "TextSize": 8.966293334960938}, {"Bounds": [90.53900146484375, 184.48626708984375, 223.0349578857422, 192.8876953125], "Font": {"alt_family_name": "Adv P 4115 3 C", "embedded": true, "encoding": "MacRomanEncoding", "family_name": "Adv P 4115 3 C", "font_type": "Type1", "italic": false, "monospaced": false, "name": "BBICLB+AdvP41153C", "subset": true, "weight": 400}, "HasClip": false, "Page": 1, "Path": "//Document/Sect[5]/Sect[5]/L/LI/LBody", "Text": "Specific: specific goals must be put ", "TextSize": 8.966293334960938}, {"Bounds": [75.79840087890625, 172.5252227783203, 84.76469421386719, 180.92665100097656], "Font": {"alt_family_name": "Adv P 4115 3 C", "embedded": true, "encoding": "MacRomanEncoding", "family_name": "Adv P 4115 3 C", "font_type": "Type1", "italic": false, "monospaced": false, "name": "BBICLB+AdvP41153C", "subset": true, "weight": 400}, "HasClip": false, "Page": 1, "Path": "//Document/Sect[5]/Sect[5]/L/LI[2]/Lbl", "Text": "2. ", "TextSize": 8.966293334960938}, {"Bounds": [90.53900146484375, 163.5768585205078, 305.2496643066406, 181.89500427246094], "Font": {"alt_family_name": "Adv P 4115 3 C", "embedded": true, "encoding": "MacRomanEncoding", "family_name": "Adv P 4115 3 C", "font_type": "Type1", "italic": false, "monospaced": false, "name": "BBICLB+AdvP41153C", "subset": true, "weight": 400}, "HasClip": false, "Page": 1, "Path": "//Document/Sect[5]/Sect[5]/L/LI[2]/LBody", "Text": "Measurable: way for measurement of our goals must be recognized ", "TextSize": 8.966293334960938}, {"Bounds": [75.79840087890625, 152.57521057128906, 84.76469421386719, 160.97662353515625], "Font": {"alt_family_name": "Adv P 4115 3 C", "embedded": true, "encoding": "MacRomanEncoding", "family_name": "Adv P 4115 3 C", "font_type": "Type1", "italic": false, "monospaced": false, "name": "BBICLB+AdvP41153C", "subset": true, "weight": 400}, "HasClip": false, "Page": 1, "Path": "//Document/Sect[5]/Sect[5]/L/LI[3]/Lbl", "Text": "3. ", "TextSize": 8.966293334960938}, {"Bounds": [90.53900146484375, 143.6178741455078, 305.18959045410156, 161.99879455566406], "Font": {"alt_family_name": "Adv P 4115 3 C", "embedded": true, "encoding": "MacRomanEncoding", "family_name": "Adv P 4115 3 C", "font_type": "Type1", "italic": false, "monospaced": false, "name": "BBICLB+AdvP41153C", "subset": true, "weight": 400}, "HasClip": false, "Page": 1, "Path": "//Document/Sect[5]/Sect[5]/L/LI[3]/LBody", "Text": "Accountability: data collector and analysis must be accounted for ", "TextSize": 8.966293334960938}, {"Bounds": [75.79840087890625, 132.67898559570312, 84.76469421386719, 141.08041381835938], "Font": {"alt_family_name": "Adv P 4115 3 C", "embedded": true, "encoding": "MacRomanEncoding", "family_name": "Adv P 4115 3 C", "font_type": "Type1", "italic": false, "monospaced": false, "name": "BBICLB+AdvP41153C", "subset": true, "weight": 400}, "HasClip": false, "Page": 1, "Path": "//Document/Sect[5]/Sect[5]/L/LI[4]/Lbl", "Text": "4. ", "TextSize": 8.966293334960938}, {"Bounds": [90.53900146484375, 133.64735412597656, 305.18865966796875, 142.04876708984375], "Font": {"alt_family_name": "Adv P 4115 3 C", "embedded": true, "encoding": "MacRomanEncoding", "family_name": "Adv P 4115 3 C", "font_type": "Type1", "italic": false, "monospaced": false, "name": "BBICLB+AdvP41153C", "subset": true, "weight": 400}, "HasClip": false, "Page": 1, "Path": "//Document/Sect[5]/Sect[5]/L/LI[4]/LBody", "Text": "Report: a way for reporting the data must be implemented ", "TextSize": 8.966293334960938}, {"Bounds": [75.79840087890625, 121.68630981445312, 84.76469421386719, 130.0877227783203], "Font": {"alt_family_name": "Adv P 4115 3 C", "embedded": true, "encoding": "MacRomanEncoding", "family_name": "Adv P 4115 3 C", "font_type": "Type1", "italic": false, "monospaced": false, "name": "BBICLB+AdvP41153C", "subset": true, "weight": 400}, "HasClip": false, "Page": 1, "Path": "//Document/Sect[5]/Sect[5]/L/LI[5]/Lbl", "Text": "5. ", "TextSize": 8.966293334960938}, {"Bounds": [90.53900146484375, 112.72897338867188, 305.25054931640625, 131.10987854003906], "Font": {"alt_family_name": "Adv P 4115 3 C", "embedded": true, "encoding": "MacRomanEncoding", "family_name": "Adv P 4115 3 C", "font_type": "Type1", "italic": false, "monospaced": false, "name": "BBICLB+AdvP41153C", "subset": true, "weight": 400}, "HasClip": false, "Page": 1, "Path": "//Document/Sect[5]/Sect[5]/L/LI[5]/LBody", "Text": "Timeframes: timing for goal achievement needs to be planned ", "TextSize": 8.966293334960938}, {"Bounds": [414.19830322265625, 722.9479370117188, 457.23573303222656, 734.2754211425781], "Font": {"alt_family_name": "Adv P", "embedded": true, "encoding": "WinAnsiEncoding", "family_name": "Adv P 9788", "font_type": "Type1", "italic": false, "monospaced": false, "name": "BBICLC+AdvP9788", "subset": true, "weight": 400}, "HasClip": false, "Lang": "en", "Page": 1, "Path": "//Document/Sect[6]/H1", "Text": "RESULTS ", "TextSize": 9.962600708007812, "attributes": {"LineHeight": 12, "TextAlign": "Center"}}, {"Bounds": [320.8850402832031, 592.684814453125, 550.3407592773438, 721.0553283691406], "Font": {"alt_family_name": "Adv PADBA", "embedded": true, "encoding": "MacRomanEncoding", "family_name": "Adv PADBA", "font_type": "Type1", "italic": false, "monospaced": false, "name": "BBICKB+AdvPADBA", "subset": true, "weight": 400}, "HasClip": false, "Lang": "en", "Page": 1, "Path": "//Document/Sect[6]/P", "Text": "We considered a machine modification, to create a protective cover, but this was hindered by the complexity of the keyboard of the ultrasound (US) machine, technical and financial challenges, and the time it would take to achieve. Second, we considered the creation of protocol, for putting the machine in a position where no IV pulls are around and transferring the machine out of the room in case of transferring the patient will endanger the machine by the IV fluid. Third, changing of human behavior; to do this, we announced the protocol in our anesthesia conference to make it known to each and every one. We provided teaching for residents, fellows, and other staff about this new protocol. No similar incident was reported in the next following 12 months. ", "TextSize": 8.966293334960938, "attributes": {"SpaceAfter": 12.125}}, {"Bounds": [404.73060607910156, 568.5164337158203, 466.76173400878906, 579.8439178466797], "Font": {"alt_family_name": "Adv P", "embedded": true, "encoding": "WinAnsiEncoding", "family_name": "Adv P 9788", "font_type": "Type1", "italic": false, "monospaced": false, "name": "BBICLC+AdvP9788", "subset": true, "weight": 400}, "HasClip": false, "Lang": "en", "Page": 1, "Path": "//Document/Sect[7]/H1", "Text": "DISCUSSION ", "TextSize": 9.962600708007812, "attributes": {"LineHeight": 12, "TextAlign": "Center"}}, {"Bounds": [469.70069885253906, 541.7570190429688, 474.74415588378906, 550.7150268554688], "Font": {"alt_family_name": "Adv PADBA", "embedded": true, "encoding": "MacRomanEncoding", "family_name": "Adv PADBA", "font_type": "Type1", "italic": false, "monospaced": false, "name": "BBICKB+AdvPADBA", "subset": true, "weight": 400}, "HasClip": false, "Page": 1, "Path": "//Document/Sect[7]/P/StyleSpan/Reference", "Text": "6 ", "TextSize": 5.976806640625}, {"Bounds": [419.3007049560547, 372.3590087890625, 424.3441467285156, 381.3730163574219], "Font": {"alt_family_name": "Adv PADBA", "embedded": true, "encoding": "MacRomanEncoding", "family_name": "Adv PADBA", "font_type": "Type1", "italic": false, "monospaced": false, "name": "BBICKB+AdvPADBA", "subset": true, "weight": 400}, "HasClip": false, "Page": 1, "Path": "//Document/Sect[7]/P/StyleSpan[2]/Reference", "Text": "2 ", "TextSize": 5.976806640625}, {"Bounds": [320.87644958496094, 248.94964599609375, 550.3506927490234, 566.6237182617188], "Font": {"alt_family_name": "Adv PADBA", "embedded": true, "encoding": "MacRomanEncoding", "family_name": "Adv PADBA", "font_type": "Type1", "italic": false, "monospaced": false, "name": "BBICKB+AdvPADBA", "subset": true, "weight": 400}, "HasClip": false, "Lang": "en", "Page": 1, "Path": "//Document/Sect[7]/P", "Text": "Reviewing the literature, we found a report of an incident of malfunction of the computer keyboard of the anesthesia machine due to humidity condensation.Malfunction of the machines has an economic impact on the hospital (about $ 20,000) in addition to the nonavailability of US machine for the cardiac patient after the incident till the end of the case and for consequent cases till the fixation of the machine. We undertook an analysis of the incidents. The first incident happened when changing an empty IV fluid bag for a full one led to spillage of some fluid on to the keyboard. The second incidence was due to the use of needle to depressurize a medication bottle for continuous IV drip, and the third event was due to disconnection of the IV set from the bottle during transfer of the patient from operation room to an intensive care unit. The fundamental problem is of course that fluid is harmful to the US machine. In addition, the machines are in a position between the patient bed and anesthesia machine. This means that IV pulls are on each side of the patient bed, which makes the machine vulnerable to fluid spillage. As complexity can be a challenge for dealing with human errors,we consider the disease model an ideal approach to simplify the management of human medical errors as it simplifies its understanding and management for medical personnel. In our knowledge, it is the first time to use this model to simplify training medical personnel to understand, manage, and prevent human errors in medicine. Limited to 1 error (fluid spillage over the US machine) is one of our limitations. The use of the approach in 1 institute and the 12 months period of observation may be another limitations. Our simplified approach was effective in the prevention of fluid spillage over the US machine. Other studies to evaluate this simplified model on other human medical errors can be done to validate its efficacy in other situations and different institutes. ", "TextSize": 8.966293334960938}, {"Bounds": [320.87644958496094, 227.5201873779297, 376.0281524658203, 237.71487426757812], "Font": {"alt_family_name": "Adv P", "embedded": true, "encoding": "WinAnsiEncoding", "family_name": "Adv P 9788", "font_type": "Type1", "italic": false, "monospaced": false, "name": "BBICLC+AdvP9788", "subset": true, "weight": 400}, "HasClip": false, "Lang": "en", "Page": 1, "Path": "//Document/Sect[8]/H1", "Text": "REFERENCES ", "TextSize": 8.966293334960938}, {"Bounds": [321.5054016113281, 214.89454650878906, 328.9772033691406, 222.28414916992188], "Font": {"alt_family_name": "Adv PADBA", "embedded": true, "encoding": "MacRomanEncoding", "family_name": "Adv PADBA", "font_type": "Type1", "italic": false, "monospaced": false, "name": "BBICKB+AdvPADBA", "subset": true, "weight": 400}, "HasClip": false, "Page": 1, "Path": "//Document/Sect[8]/L/LI/Lbl", "Text": "1. ", "TextSize": 7.4718017578125}, {"Bounds": [330.5163879394531, 205.42776489257812, 549.9422454833984, 222.35887145996094], "Font": {"alt_family_name": "Adv PADBA", "embedded": true, "encoding": "MacRomanEncoding", "family_name": "Adv PADBA", "font_type": "Type1", "italic": false, "monospaced": false, "name": "BBICKB+AdvPADBA", "subset": true, "weight": 400}, "HasClip": false, "Page": 1, "Path": "//Document/Sect[8]/L/LI/LBody", "Text": "Spiegel AD. Hammurabi\u2019s managed health care\u2014circa 1700 B.C. Manag Care. 1997;6:78\u201382. ", "TextSize": 7.4718017578125}, {"Bounds": [321.5054016113281, 190.34967041015625, 328.9772033691406, 197.73928833007812], "Font": {"alt_family_name": "Adv PADBA", "embedded": true, "encoding": "MacRomanEncoding", "family_name": "Adv PADBA", "font_type": "Type1", "italic": false, "monospaced": false, "name": "BBICKB+AdvPADBA", "subset": true, "weight": 400}, "HasClip": false, "Page": 1, "Path": "//Document/Sect[8]/L/LI[2]/Lbl", "Text": "2. ", "TextSize": 7.4718017578125}, {"Bounds": [330.5163879394531, 171.4161376953125, 549.9415283203125, 197.73928833007812], "Font": {"alt_family_name": "Adv PADBA", "embedded": true, "encoding": "MacRomanEncoding", "family_name": "Adv PADBA", "font_type": "Type1", "italic": false, "monospaced": false, "name": "BBICKB+AdvPADBA", "subset": true, "weight": 400}, "HasClip": false, "Page": 1, "Path": "//Document/Sect[8]/L/LI[2]/LBody", "Text": "Richardson B, Bromirski B, Hayden A. Implementing a safe and reliable process for medication administration. Clin Nurse Spec. 2012;26:169\u2013176. ", "TextSize": 7.4718017578125}, {"Bounds": [321.51287841796875, 156.33804321289062, 328.9846649169922, 163.72764587402344], "Font": {"alt_family_name": "Adv PADBA", "embedded": true, "encoding": "MacRomanEncoding", "family_name": "Adv PADBA", "font_type": "Type1", "italic": false, "monospaced": false, "name": "BBICKB+AdvPADBA", "subset": true, "weight": 400}, "HasClip": false, "Page": 1, "Path": "//Document/Sect[8]/L/LI[3]/Lbl", "Text": "3. ", "TextSize": 7.4718017578125}, {"Bounds": [330.52386474609375, 146.87127685546875, 549.9071655273438, 163.72764587402344], "Font": {"alt_family_name": "Adv PADBA", "embedded": true, "encoding": "MacRomanEncoding", "family_name": "Adv PADBA", "font_type": "Type1", "italic": false, "monospaced": false, "name": "BBICKB+AdvPADBA", "subset": true, "weight": 400}, "HasClip": false, "Page": 1, "Path": "//Document/Sect[8]/L/LI[3]/LBody", "Text": "Al-Assaf AF, Bumpus LJ, Carter D, et al. Preventing errors in healthcare: a call for action. Hosp Top. 2003;81:5\u201312. ", "TextSize": 7.4718017578125}, {"Bounds": [321.51287841796875, 131.79318237304688, 328.9846649169922, 139.1827850341797], "Font": {"alt_family_name": "Adv PADBA", "embedded": true, "encoding": "MacRomanEncoding", "family_name": "Adv PADBA", "font_type": "Type1", "italic": false, "monospaced": false, "name": "BBICKB+AdvPADBA", "subset": true, "weight": 400}, "HasClip": false, "Page": 1, "Path": "//Document/Sect[8]/L/LI[4]/Lbl", "Text": "4. ", "TextSize": 7.4718017578125}, {"Bounds": [330.52386474609375, 112.85963439941406, 549.9123382568359, 139.1827850341797], "Font": {"alt_family_name": "Adv PADBA", "embedded": true, "encoding": "MacRomanEncoding", "family_name": "Adv PADBA", "font_type": "Type1", "italic": false, "monospaced": false, "name": "BBICKB+AdvPADBA", "subset": true, "weight": 400}, "HasClip": false, "Page": 1, "Path": "//Document/Sect[8]/L/LI[4]/LBody", "Text": "Kohn LT. The Institute of Medicine report on medical error: overview and implications for pharmacy. Am J Health Syst Pharm. 2001;58:63\u2013 66. ", "TextSize": 7.4718017578125}, {"Bounds": [78.57640075683594, 696.6169281005859, 307.0169372558594, 732.4068450927734], "Font": {"alt_family_name": "Adv P 4 B 2 E 3 F", "embedded": true, "encoding": "WinAnsiEncoding", "family_name": "Adv P 4 B 2 E 3 F", "font_type": "Type1", "italic": false, "monospaced": false, "name": "BBICJO+AdvP4B2E3F", "subset": true, "weight": 400}, "HasClip": false, "Lang": "en", "Page": 2, "Path": "//Document/Sect[8]/Footnote", "Text": "5. Hove LD, Steinmetz J, Christoffersen JK, et al. Analysis of deaths related to anesthesia in the period 1996\u20132004 from closed claims registered by the Danish Patient Insurance Association. Anesthesiology. 2007;106:675\u2013680. ", "TextSize": 7.4718017578125}, {"Bounds": [323.7112121582031, 696.6169281005859, 552.0837860107422, 732.4068450927734], "Font": {"alt_family_name": "Adv PADBA", "embedded": true, "encoding": "MacRomanEncoding", "family_name": "Adv PADBA", "font_type": "Type1", "italic": false, "monospaced": false, "name": "BBICKB+AdvPADBA", "subset": true, "weight": 400}, "HasClip": false, "Lang": "en", "Page": 2, "Path": "//Document/Sect[8]/Footnote[2]", "Text": "6. Ushijima K, Yamada Y, Ikuta Y, et al. An anesthesia machine malfunction due to dew condensation produced by abnormally high humidity in the electronically controlled panel [Article in Japanese]. Masui. 1997;46:406\u2013408. ", "TextSize": 7.4718017578125}], "pages": [{"boxes": {"CropBox": [34.01570129394531, 34.01570129394531, 592.4409790039062, 807.8740234375], "MediaBox": [34.01570129394531, 34.01570129394531, 592.4409790039062, 807.8740234375]}, "height": 773.8583221435547, "is_scanned": false, "page_number": 0, "rotation": 0, "width": 558.4252777099609}, {"boxes": {"CropBox": [34.01570129394531, 34.01570129394531, 592.4409790039062, 807.8740234375], "MediaBox": [34.01570129394531, 34.01570129394531, 592.4409790039062, 807.8740234375]}, "height": 773.8583221435547, "is_scanned": false, "page_number": 1, "rotation": 0, "width": 558.4252777099609}, {"boxes": {"CropBox": [34.01570129394531, 34.01570129394531, 592.4409790039062, 807.8740234375], "MediaBox": [34.01570129394531, 34.01570129394531, 592.4409790039062, 807.8740234375]}, "height": 773.8583221435547, "is_scanned": false, "page_number": 2, "rotation": 0, "width": 558.4252777099609}]}